-- Вставка данных в таблицу currency (валюты)
INSERT INTO public.currency (id, name, sign) VALUES
(1, 'Доллар США', '$'),
(2, 'Евро', '€'),
(3, 'Российский рубль', '₽'),
(4, 'Фунт стерлингов', '£'),
(5, 'Японская иена', '¥');

-- Вставка данных в таблицу status_card (статусы карт)
INSERT INTO public.status_card (id, name) VALUES
(1, 'Активна'),
(2, 'Неактивна'),
(3, 'Просрочена'),
(4, 'Заблокирована'),
(5, 'Ожидает активации');

-- Вставка данных в таблицу user (пользователи)
INSERT INTO public."user" (id, login, name, password, patronymic, surname) VALUES
(1, 'иванов_и', 'Иван', 'пароль123', 'Иванович', 'Иванов'),
(2, 'петров_п', 'Петр', 'пароль456', 'Петрович', 'Петров'),
(3, 'сидорова_м', 'Мария', 'пароль789', 'Александровна', 'Сидорова'),
(4, 'смирнов_а', 'Алексей', 'пароль000', 'Дмитриевич', 'Смирнов'),
(5, 'козлова_е', 'Елена', 'пароль111', 'Сергеевна', 'Козлова');

-- Вставка данных в таблицу card (карты)
INSERT INTO public.card (validity_period, balance, currency_id, id, status_card_id, user_id, number, is_blocked) VALUES
('2026-12-31', 15000.50, 3, 1, 1, 1, '4276123412341234', false),
('2025-08-15', 2500.00, 1, 2, 1, 2, '5276987698769876', false),
('2027-03-20', 50000.75, 3, 3, 1, 3, '2200123412341234', false),
('2024-11-30', 1000.25, 2, 4, 3, 4, '4476123487654321', false),
('2026-06-30', 75000.00, 3, 5, 4, 5, '5276111122223333', true),
('2028-01-15', 120000.00, 3, 6, 1, 1, '4276656565656565', false);

-- Вставка данных в таблицу card_transfer (переводы между картами)
INSERT INTO public.card_transfer (id, amount_of_money, description, is_transfered, transfer_date, receiver_card_id, sender_card_id) VALUES
(1, 5000.00, 'Перевод за услуги', true, '2024-01-15 14:30:00', 2, 1),
(2, 1500.50, 'Оплата товара', true, '2024-01-20 10:15:00', 3, 2),
(3, 10000.00, 'Денежный перевод', true, '2024-02-01 16:45:00', 1, 3),
(4, 2500.75, 'Возврат долга', true, '2024-02-10 09:20:00', 3, 1),
(5, 500.00, 'Тестовый перевод', false, '2024-02-15 11:00:00', 2, 1);