-- Вставляем валюты
INSERT INTO public.currency (id, name, sign) VALUES
(1, 'Российский рубль', '₽'),
(2, 'Доллар США', '$'),
(3, 'Евро', '€');

-- Вставляем статусы карт
INSERT INTO public.status_card (id, name) VALUES
(1, 'Активна'),
(2, 'Заблокирована'),
(3, 'Просрочена'),
(4, 'В процессе оформления');

-- Вставляем операции
INSERT INTO public.operation (id, name) VALUES
(1, 'Выпуск карты'),
(2, 'Перевыпуск карты'),
(3, 'Блокировка карты'),
(4, 'Разблокировка карты'),
(5, 'Изменение лимитов');

-- Вставляем статусы задач
INSERT INTO public.task_status (id, name) VALUES
(1, 'Новая'),
(2, 'В работе'),
(3, 'Выполнена'),
(4, 'Отклонена');

-- Вставляем пользователей
INSERT INTO public."user" (id, login, name, password, patronymic, surname) VALUES
(1, 'ivanov', 'Иван', 'password123', 'Иванович', 'Иванов'),
(2, 'petrov', 'Петр', 'password456', 'Петрович', 'Петров'),
(3, 'sidorova', 'Мария', 'password789', 'Сергеевна', 'Сидорова'),
(4, 'admin', 'Админ', 'admin', 'Системный', 'Админов');

-- Вставляем карты
INSERT INTO public.card (id, balance, is_blocked, number, validity_period, currency_id, status_card_id, user_id) VALUES
(1, 15000.50, false, '4111111111111111', '2026-12-31', 1, 1, 1),
(2, 5000.00, false, '4222222222222222', '2025-10-31', 1, 1, 2),
(3, 2500.75, true, '4333333333333333', '2024-08-31', 1, 2, 3),
(4, 1000.00, false, '5555555555554444', '2027-05-31', 2, 1, 1),
(5, 500.25, false, '371449635398431', '2026-03-31', 3, 1, 2);

-- Вставляем переводы между картами
INSERT INTO public.card_transfer (id, amount_of_money, description, is_transfered, transfer_date, receiver_card_id, sender_card_id) VALUES
(1, 1000.00, 'Перевод за услуги', true, '2024-01-15 10:30:00', 2, 1),
(2, 500.50, 'Возврат долга', true, '2024-01-16 14:20:00', 1, 2),
(3, 2000.00, 'Оплата товара', false, '2024-01-17 09:15:00', 3, 1),
(4, 150.75, 'Подарок', true, '2024-01-18 16:45:00', 2, 3);

-- Вставляем заявки на операции с картами
INSERT INTO public.task_request (id, description, operation_id, task_status_id, user_id) VALUES
(1, 'Выпуск новой золотой карты', 1, 1, 1),
(2, 'Перевыпуск карты по истечении срока', 2, 2, 2),
(3, 'Блокировка утерянной карты', 3, 3, 3),
(4, 'Разблокировка карты после проверки', 4, 1, 1),
(5, 'Увеличение лимита по карте', 5, 2, 2),
(6, 'Выпуск дополнительной карты', 1, 4, 3);